[
{
 "model": "auth.user",
 "pk": 1,
 "fields": {
  "password": "pbkdf2_sha256$100000$hqnfENjLrdcj$hMuF/bJqFgWbxkWAuu7Gu/a4xpfMx/YgMHOgjlm55jM=",
  "last_login": "2021-01-02T18:01:49.871Z",
  "is_superuser": true,
  "username": "alvaro",
  "first_name": "",
  "last_name": "",
  "email": "",
  "is_staff": true,
  "is_active": true,
  "date_joined": "2021-01-01T17:38:19.113Z",
  "groups": [],
  "user_permissions": []
 }
},
{
 "model": "auth.user",
 "pk": 2,
 "fields": {
  "password": "!i8tDOAaeOQsMHAbKse1WkD0LlqSxCPVihiKpwcwe",
  "last_login": "2021-01-01T17:39:18.478Z",
  "is_superuser": false,
  "username": "alvaro8",
  "first_name": "\u00c1lvaro",
  "last_name": "Aguilar Alhama",
  "email": "ecijano2@gmail.com",
  "is_staff": false,
  "is_active": true,
  "date_joined": "2021-01-01T17:39:18.384Z",
  "groups": [],
  "user_permissions": []
 }
},
{
 "model": "auth.user",
 "pk": 3,
 "fields": {
  "password": "pbkdf2_sha256$100000$n25r1yFZDcRA$U+enWeKy8EtFm9KB7q4h7wSpzX2IXqZZJHobHUs7sbs=",
  "last_login": null,
  "is_superuser": false,
  "username": "A",
  "first_name": "",
  "last_name": "",
  "email": "",
  "is_staff": false,
  "is_active": true,
  "date_joined": "2021-01-07T09:27:43.191Z",
  "groups": [],
  "user_permissions": []
 }
},
{
 "model": "auth.user",
 "pk": 4,
 "fields": {
  "password": "pbkdf2_sha256$100000$cwr04gwCUQ2k$04oTQJ0mSSOUwrB+Ftse0MeU3k27a5CtG+j+/uSQz3U=",
  "last_login": null,
  "is_superuser": false,
  "username": "J",
  "first_name": "",
  "last_name": "",
  "email": "",
  "is_staff": false,
  "is_active": true,
  "date_joined": "2021-01-07T09:28:51.316Z",
  "groups": [],
  "user_permissions": []
 }
},
{
 "model": "auth.user",
 "pk": 5,
 "fields": {
  "password": "pbkdf2_sha256$100000$QwFupotBivVr$ygfZK7u53vMcOPJAsYgTJgDQRyMd5h0i0DT0FoC8uE0=",
  "last_login": null,
  "is_superuser": false,
  "username": "C",
  "first_name": "",
  "last_name": "",
  "email": "",
  "is_staff": false,
  "is_active": true,
  "date_joined": "2021-01-07T09:29:51.933Z",
  "groups": [],
  "user_permissions": []
 }
},
{
 "model": "auth.user",
 "pk": 6,
 "fields": {
  "password": "pbkdf2_sha256$100000$bKBBZtir4VQe$JKcCIPp72EKGY+0B6QiQggBylaXqn+IwVipYk+SwU0k=",
  "last_login": null,
  "is_superuser": false,
  "username": "M",
  "first_name": "",
  "last_name": "",
  "email": "",
  "is_staff": false,
  "is_active": true,
  "date_joined": "2021-01-07T09:30:45.349Z",
  "groups": [],
  "user_permissions": []
 }
},
{
 "model": "auth.user",
 "pk": 7,
 "fields": {
  "password": "pbkdf2_sha256$100000$0X80bsuA4s40$KVBYbdzm8RpNAQw4rzm2S2tBQtF0oPm8XnsUSMl04UM=",
  "last_login": null,
  "is_superuser": false,
  "username": "F",
  "first_name": "",
  "last_name": "",
  "email": "",
  "is_staff": false,
  "is_active": true,
  "date_joined": "2021-01-07T09:31:18.089Z",
  "groups": [],
  "user_permissions": []
 }
},
{
 "model": "auth.user",
 "pk": 8,
 "fields": {
  "password": "pbkdf2_sha256$100000$a4MQw9CErVJD$8Gn4EFUacLHBICrc8krdHgjtD837bBYFqRPNyqruwQA=",
  "last_login": null,
  "is_superuser": false,
  "username": "B",
  "first_name": "",
  "last_name": "",
  "email": "",
  "is_staff": false,
  "is_active": true,
  "date_joined": "2021-01-07T09:32:40.017Z",
  "groups": [],
  "user_permissions": []
 }
},
{
 "model": "auth.user",
 "pk": 9,
 "fields": {
  "password": "pbkdf2_sha256$100000$Kvl2oosgLL1i$VIneNhWNK/lanbK6HcyoHJNS+rBzUMzaxPbvo9OHb6w=",
  "last_login": null,
  "is_superuser": false,
  "username": "D",
  "first_name": "",
  "last_name": "",
  "email": "",
  "is_staff": false,
  "is_active": true,
  "date_joined": "2021-01-07T09:34:22.052Z",
  "groups": [],
  "user_permissions": []
 }
},
{
 "model": "auth.user",
 "pk": 10,
 "fields": {
  "password": "pbkdf2_sha256$100000$FhlKykgg6O5G$bxmA/XgwMznhnV9wnC5D3BKT92amNIIbGOgiYd5/3zA=",
  "last_login": null,
  "is_superuser": false,
  "username": "E",
  "first_name": "",
  "last_name": "",
  "email": "",
  "is_staff": false,
  "is_active": true,
  "date_joined": "2021-01-07T09:34:57.383Z",
  "groups": [],
  "user_permissions": []
 }
},
{
 "model": "auth.user",
 "pk": 11,
 "fields": {
  "password": "pbkdf2_sha256$100000$Gfbvxjfuq4TF$1LhcHFjHi1X7nme6qcQD7us4S+41eohp8L8+aEyL3co=",
  "last_login": null,
  "is_superuser": false,
  "username": "G",
  "first_name": "",
  "last_name": "",
  "email": "",
  "is_staff": false,
  "is_active": true,
  "date_joined": "2021-01-07T09:35:51.560Z",
  "groups": [],
  "user_permissions": []
 }
},
{
 "model": "auth.user",
 "pk": 12,
 "fields": {
  "password": "pbkdf2_sha256$100000$9D8rv9w7onaR$aFzKf56kKs6S9LqzghNCKtkXigMha+O+9IE4EPctwzA=",
  "last_login": null,
  "is_superuser": false,
  "username": "H",
  "first_name": "",
  "last_name": "",
  "email": "",
  "is_staff": false,
  "is_active": true,
  "date_joined": "2021-01-07T09:36:37.286Z",
  "groups": [],
  "user_permissions": []
 }
},
{
 "model": "auth.user",
 "pk": 13,
 "fields": {
  "password": "pbkdf2_sha256$100000$ivoCrmfkT2hr$JMEiQLOCHgZ7rrWdYNZvzUZ1GdiRf3+xAIugWKcFXc4=",
  "last_login": null,
  "is_superuser": false,
  "username": "I",
  "first_name": "",
  "last_name": "",
  "email": "",
  "is_staff": false,
  "is_active": true,
  "date_joined": "2021-01-07T09:37:19.005Z",
  "groups": [],
  "user_permissions": []
 }
},
{
 "model": "auth.user",
 "pk": 14,
 "fields": {
  "password": "pbkdf2_sha256$100000$J8BGXfT1yEF6$v3ax1QjyjYyonVF4CTzLXxY2sNNyL3tgBz0FBUCz/SI=",
  "last_login": null,
  "is_superuser": false,
  "username": "K",
  "first_name": "",
  "last_name": "",
  "email": "",
  "is_staff": false,
  "is_active": true,
  "date_joined": "2021-01-07T09:37:53.441Z",
  "groups": [],
  "user_permissions": []
 }
},
{
 "model": "auth.user",
 "pk": 15,
 "fields": {
  "password": "pbkdf2_sha256$100000$q2rWq4UV9jXb$Dg/QCXwbifr+uL87hsSYGg7SXHE3uNQ5VkCwxY1ixdw=",
  "last_login": null,
  "is_superuser": false,
  "username": "L",
  "first_name": "",
  "last_name": "",
  "email": "",
  "is_staff": false,
  "is_active": true,
  "date_joined": "2021-01-07T09:38:34.822Z",
  "groups": [],
  "user_permissions": []
 }
},
{
 "model": "auth.user",
 "pk": 16,
 "fields": {
  "password": "pbkdf2_sha256$100000$JRkthjnScppL$IObnZelrLb/79S/yo/i3lZbmauB+PMzXiwn970dCyic=",
  "last_login": null,
  "is_superuser": false,
  "username": "N",
  "first_name": "",
  "last_name": "",
  "email": "",
  "is_staff": false,
  "is_active": true,
  "date_joined": "2021-01-07T09:39:18.282Z",
  "groups": [],
  "user_permissions": []
 }
},
{
 "model": "sessions.session",
 "pk": "mbtlm9pvqfd6q9cptjwxnkaycgkdsflz",
 "fields": {
  "session_data": "Yjg5ZjUxZmM2YWU4YTdiNDBmOTA5ZGZiNGUxN2VjMDQxMzk2NDZkODp7ImF1dGgtdG9rZW4iOiJiMjE0OTEyMDg1MTg4OTg0MzYxZjU4NzZkMTZjOWRhMmQzOWY3ZmQzIiwiX2F1dGhfdXNlcl9pZCI6IjEiLCJfYXV0aF91c2VyX2JhY2tlbmQiOiJiYXNlLmJhY2tlbmRzLkF1dGhCYWNrZW5kIiwiX2F1dGhfdXNlcl9oYXNoIjoiNDQxNzA0YjQzMGY3ZGNjNzEzMzIwZWQzN2Y0OGM0NGRkNTJiNDZjNCJ9",
  "expire_date": "2021-01-16T18:01:49.882Z"
 }
},
{
 "model": "sites.site",
 "pk": 1,
 "fields": {
  "domain": "localhost:8000",
  "name": "localhost:8000"
 }
},
{
 "model": "authtoken.token",
 "pk": "7eac07ff4e573e24838421f764babf4ae5e85512",
 "fields": {
  "user": 2,
  "created": "2021-01-01T17:39:34.119Z"
 }
},
{
 "model": "authtoken.token",
 "pk": "b214912085188984361f5876d16c9da2d39f7fd3",
 "fields": {
  "user": 1,
  "created": "2021-01-01T20:40:59.708Z"
 }
},
{
 "model": "account.emailaddress",
 "pk": 1,
 "fields": {
  "user": 2,
  "email": "ecijano2@gmail.com",
  "verified": true,
  "primary": true
 }
},
{
 "model": "socialaccount.socialapp",
 "pk": 1,
 "fields": {
  "provider": "google",
  "name": "Google API",
  "client_id": "949634819550-fpt7aflj5pj52e5spjppsl940tdshojb.apps.googleusercontent.com",
  "secret": "7_Hoj6rTtcDppv5Q1zylGZGx",
  "key": "",
  "sites": [
   1
  ]
 }
},
{
 "model": "socialaccount.socialaccount",
 "pk": 1,
 "fields": {
  "user": 2,
  "provider": "google",
  "uid": "111466317244234242965",
  "last_login": "2021-01-01T17:39:18.422Z",
  "date_joined": "2021-01-01T17:39:18.422Z",
  "extra_data": "{\"id\": \"111466317244234242965\", \"email\": \"ecijano2@gmail.com\", \"verified_email\": true, \"name\": \"\\u00c1lvaro Aguilar Alhama\", \"given_name\": \"\\u00c1lvaro\", \"family_name\": \"Aguilar Alhama\", \"picture\": \"https://lh3.googleusercontent.com/a-/AOh14GhNk6J-MCP-3mO5LKyQOqtQMn2YaxsKuzNHT_A4dg=s96-c\", \"locale\": \"es\"}"
 }
},
{
 "model": "socialaccount.socialtoken",
 "pk": 1,
 "fields": {
  "app": 1,
  "account": 1,
  "token": "ya29.a0AfH6SMDfLQAt0v8EMTPjTNRCw3RHSAm4RH5TXK9qTDJv8YzwyPb2AxzGZQkph4IGyHEe_T27S7gbhUTIFnj_xD57GxUsWOgSxi8f12hv2NZss9qR_KjfSuiPhU0hw7Y1BCbjYjBbTbAYlcOYNG6PRbD7V41U3_WZP8bBOyt0gts",
  "token_secret": "",
  "expires_at": "2021-01-01T18:39:17.206Z"
 }
},
{
 "model": "authentication.votinguser",
 "pk": 1,
 "fields": {
  "user": 2,
  "dni": "17478267S",
  "sexo": "Man",
  "titulo": "Software",
  "curso": "First",
  "candidatura": null,
  "edad": 18
 }
},
{
 "model": "authentication.votinguser",
 "pk": 2,
 "fields": {
  "user": 1,
  "dni": "12345678A",
  "sexo": "Man",
  "titulo": "Software",
  "curso": "First",
  "candidatura": null,
  "edad": 18
 }
},
{
 "model": "authentication.votinguser",
 "pk": 3,
 "fields": {
  "user": 3,
  "dni": "12345679A",
  "sexo": "Man",
  "titulo": "Software",
  "curso": "First",
  "candidatura": null,
  "edad": 18
 }
},
{
 "model": "authentication.votinguser",
 "pk": 4,
 "fields": {
  "user": 4,
  "dni": "12345379A",
  "sexo": "Man",
  "titulo": "Software",
  "curso": "First",
  "candidatura": null,
  "edad": 25
 }
},
{
 "model": "authentication.votinguser",
 "pk": 5,
 "fields": {
  "user": 5,
  "dni": "12365379A",
  "sexo": "Man",
  "titulo": "Software",
  "curso": "First",
  "candidatura": null,
  "edad": 20
 }
},
{
 "model": "authentication.votinguser",
 "pk": 6,
 "fields": {
  "user": 6,
  "dni": "12645379A",
  "sexo": "Man",
  "titulo": "Software",
  "curso": "First",
  "candidatura": null,
  "edad": 18
 }
},
{
 "model": "authentication.votinguser",
 "pk": 7,
 "fields": {
  "user": 7,
  "dni": "16478267S",
  "sexo": "Man",
  "titulo": "Software",
  "curso": "First",
  "candidatura": null,
  "edad": 18
 }
},
{
 "model": "authentication.votinguser",
 "pk": 8,
 "fields": {
  "user": 8,
  "dni": "12365579A",
  "sexo": "Man",
  "titulo": "Software",
  "curso": "First",
  "candidatura": null,
  "edad": 18
 }
},
{
 "model": "authentication.votinguser",
 "pk": 9,
 "fields": {
  "user": 9,
  "dni": "12395678A",
  "sexo": "Woman",
  "titulo": "Software",
  "curso": "First",
  "candidatura": null,
  "edad": 18
 }
},
{
 "model": "authentication.votinguser",
 "pk": 10,
 "fields": {
  "user": 10,
  "dni": "12349678A",
  "sexo": "Woman",
  "titulo": "Software",
  "curso": "First",
  "candidatura": null,
  "edad": 18
 }
},
{
 "model": "authentication.votinguser",
 "pk": 11,
 "fields": {
  "user": 11,
  "dni": "12345670A",
  "sexo": "Woman",
  "titulo": "Software",
  "curso": "First",
  "candidatura": null,
  "edad": 18
 }
},
{
 "model": "authentication.votinguser",
 "pk": 12,
 "fields": {
  "user": 12,
  "dni": "12345677A",
  "sexo": "Woman",
  "titulo": "Software",
  "curso": "First",
  "candidatura": null,
  "edad": 18
 }
},
{
 "model": "authentication.votinguser",
 "pk": 13,
 "fields": {
  "user": 13,
  "dni": "12340678A",
  "sexo": "Woman",
  "titulo": "Software",
  "curso": "First",
  "candidatura": null,
  "edad": 18
 }
},
{
 "model": "authentication.votinguser",
 "pk": 14,
 "fields": {
  "user": 14,
  "dni": "12365370A",
  "sexo": "Woman",
  "titulo": "Software",
  "curso": "First",
  "candidatura": null,
  "edad": 18
 }
},
{
 "model": "authentication.votinguser",
 "pk": 15,
 "fields": {
  "user": 15,
  "dni": "12345079A",
  "sexo": "Other",
  "titulo": "Software",
  "curso": "First",
  "candidatura": null,
  "edad": 18
 }
},
{
 "model": "authentication.votinguser",
 "pk": 16,
 "fields": {
  "user": 16,
  "dni": "12340978A",
  "sexo": "Other",
  "titulo": "Software",
  "curso": "First",
  "candidatura": null,
  "edad": 18
 }
},
{
 "model": "base.auth",
 "pk": 1,
 "fields": {
  "name": "localhost:8000",
  "url": "http://localhost:8000",
  "me": false
 }
},
{
 "model": "base.auth",
 "pk": 2,
 "fields": {
  "name": "localhost:8000",
  "url": "http://localhost:8000",
  "me": true
 }
},
{
 "model": "base.key",
 "pk": 1,
 "fields": {
  "p": 85630645881613704623355437926996225623112127632018113234067686918201152668427,
  "g": 69604285319739067788305516011714445443454650135967061619463188449485324089813,
  "y": 75754837276730361343419179833816653709287204572487674961794058995016744704227,
  "x": 18029052924289864284328855130301035934925850822476673595297509489704171102008
 }
},
{
 "model": "base.key",
 "pk": 2,
 "fields": {
  "p": 85630645881613704623355437926996225623112127632018113234067686918201152668427,
  "g": 69604285319739067788305516011714445443454650135967061619463188449485324089813,
  "y": 75754837276730361343419179833816653709287204572487674961794058995016744704227,
  "x": 0
 }
},
{
 "model": "base.key",
 "pk": 3,
 "fields": {
  "p": 85630645881613704623355437926996225623112127632018113234067686918201152668427,
  "g": 69604285319739067788305516011714445443454650135967061619463188449485324089813,
  "y": 75754837276730361343419179833816653709287204572487674961794058995016744704227,
  "x": 0
 }
},
{
 "model": "base.key",
 "pk": 4,
 "fields": {
  "p": 60392619341552927313595532692688011902370199106293918331916138252238592687347,
  "g": 50028213612481744497804360233040432138273196107870394934631332731805179661035,
  "y": 25795866212185839633060734192607679200233372865540527204408166819895666844440,
  "x": 54577917786680021665220210081782421055047857525173539842149243779353533558328
 }
},
{
 "model": "base.key",
 "pk": 5,
 "fields": {
  "p": 60392619341552927313595532692688011902370199106293918331916138252238592687347,
  "g": 50028213612481744497804360233040432138273196107870394934631332731805179661035,
  "y": 25795866212185839633060734192607679200233372865540527204408166819895666844440,
  "x": 0
 }
},
{
 "model": "base.key",
 "pk": 6,
 "fields": {
  "p": 60392619341552927313595532692688011902370199106293918331916138252238592687347,
  "g": 50028213612481744497804360233040432138273196107870394934631332731805179661035,
  "y": 25795866212185839633060734192607679200233372865540527204408166819895666844440,
  "x": 0
 }
},
{
 "model": "base.key",
 "pk": 7,
 "fields": {
  "p": 105724776138201737992673812467855252573347136727356975397159259157351400408079,
  "g": 4823718258202636287504828350091492206843327918807836421972817930904719219356,
  "y": 77967248814725386129421881783589517114171138472071562848623033008623356900223,
  "x": 92095648332428102123296646263066917957465615779243805269087330331272612649021
 }
},
{
 "model": "base.key",
 "pk": 8,
 "fields": {
  "p": 105724776138201737992673812467855252573347136727356975397159259157351400408079,
  "g": 4823718258202636287504828350091492206843327918807836421972817930904719219356,
  "y": 77967248814725386129421881783589517114171138472071562848623033008623356900223,
  "x": 0
 }
},
{
 "model": "base.key",
 "pk": 9,
 "fields": {
  "p": 105724776138201737992673812467855252573347136727356975397159259157351400408079,
  "g": 4823718258202636287504828350091492206843327918807836421972817930904719219356,
  "y": 77967248814725386129421881783589517114171138472071562848623033008623356900223,
  "x": 0
 }
},
{
 "model": "base.key",
 "pk": 10,
 "fields": {
  "p": 71769464710115032704448738001164154544115167750716191001843080336788764766599,
  "g": 42801683678451927612381592783773231333574276944722245987051739205802817252308,
  "y": 27284810828524731123904681267853896856183129400509979709712808830271145981945,
  "x": 35292529990334319757474213233403172963960181539800315397634495265027695483163
 }
},
{
 "model": "base.key",
 "pk": 11,
 "fields": {
  "p": 71769464710115032704448738001164154544115167750716191001843080336788764766599,
  "g": 42801683678451927612381592783773231333574276944722245987051739205802817252308,
  "y": 27284810828524731123904681267853896856183129400509979709712808830271145981945,
  "x": 0
 }
},
{
 "model": "base.key",
 "pk": 12,
 "fields": {
  "p": 71769464710115032704448738001164154544115167750716191001843080336788764766599,
  "g": 42801683678451927612381592783773231333574276944722245987051739205802817252308,
  "y": 27284810828524731123904681267853896856183129400509979709712808830271145981945,
  "x": 0
 }
},
{
 "model": "base.key",
 "pk": 13,
 "fields": {
  "p": 108729501967802009214813041850592594935656517338060854430737541833519583524379,
  "g": 2977351830800795555210388003387858986120473778295941999792071627986560419579,
  "y": 87007269027497548504934440932102939994692097458440682732920570793616326944045,
  "x": 45801987452669837790586266242359832624491922244976269560402972236565356886998
 }
},
{
 "model": "base.key",
 "pk": 14,
 "fields": {
  "p": 108729501967802009214813041850592594935656517338060854430737541833519583524379,
  "g": 2977351830800795555210388003387858986120473778295941999792071627986560419579,
  "y": 87007269027497548504934440932102939994692097458440682732920570793616326944045,
  "x": 0
 }
},
{
 "model": "base.key",
 "pk": 15,
 "fields": {
  "p": 108729501967802009214813041850592594935656517338060854430737541833519583524379,
  "g": 2977351830800795555210388003387858986120473778295941999792071627986560419579,
  "y": 87007269027497548504934440932102939994692097458440682732920570793616326944045,
  "x": 0
 }
},
{
 "model": "census.census",
 "pk": 1,
 "fields": {
  "voting_id": 2,
  "voter_id": 1
 }
},
{
 "model": "census.census",
 "pk": 2,
 "fields": {
  "voting_id": 4,
  "voter_id": 1
 }
},
{
 "model": "census.census",
 "pk": 3,
 "fields": {
  "voting_id": 5,
  "voter_id": 1
 }
},
{
 "model": "mixnet.mixnet",
 "pk": 1,
 "fields": {
  "voting_id": 1,
  "auth_position": 0,
  "key": 1,
  "pubkey": 2,
  "auths": [
   2
  ]
 }
},
{
 "model": "mixnet.mixnet",
 "pk": 2,
 "fields": {
  "voting_id": 2,
  "auth_position": 0,
  "key": 4,
  "pubkey": 5,
  "auths": [
   2
  ]
 }
},
{
 "model": "mixnet.mixnet",
 "pk": 3,
 "fields": {
  "voting_id": 3,
  "auth_position": 0,
  "key": 7,
  "pubkey": 8,
  "auths": [
   2
  ]
 }
},
{
 "model": "mixnet.mixnet",
 "pk": 4,
 "fields": {
  "voting_id": 5,
  "auth_position": 0,
  "key": 10,
  "pubkey": 11,
  "auths": [
   2
  ]
 }
},
{
 "model": "mixnet.mixnet",
 "pk": 5,
 "fields": {
  "voting_id": 4,
  "auth_position": 0,
  "key": 13,
  "pubkey": 14,
  "auths": [
   2
  ]
 }
},
{
 "model": "store.vote",
 "pk": 5,
 "fields": {
  "voting_id": 5,
  "voter_id": 1,
  "data": {
   "age": {
    "beta": {
     "s": 0,
     "t": 10,
     "arr": [
      226354054,
      207782456,
      222594728,
      137497348,
      184479286,
      245998524,
      148922013,
      18649946,
      18007247,
      6,
      8
     ]
    },
    "alpha": {
     "s": 0,
     "t": 10,
     "arr": [
      172455412,
      3349548,
      47409313,
      99690970,
      90420933,
      10673842,
      137591209,
      230233148,
      76211852,
      2,
      172455412,
      3349548,
      47409313,
      99690970,
      90420933,
      10673842,
      137591209,
      230233148,
      76211852,
      2,
      0
     ]
    }
   },
   "sex": {
    "beta": {
     "s": 0,
     "t": 10,
     "arr": [
      109843536,
      87943591,
      191394564,
      125820132,
      215829707,
      88289633,
      208905323,
      113336202,
      144953111,
      9,
      0
     ]
    },
    "alpha": {
     "s": 0,
     "t": 10,
     "arr": [
      150178196,
      73249597,
      166240591,
      71050631,
      234384766,
      234772094,
      74146022,
      118419813,
      139134424,
      9,
      150178196,
      73249597,
      166240591,
      71050631,
      234384766,
      234772094,
      74146022,
      118419813,
      139134424,
      9,
      0
     ]
    }
   },
   "year": {
    "beta": {
     "s": 0,
     "t": 10,
     "arr": [
      209909745,
      157870995,
      247420663,
      230497435,
      115812216,
      103082771,
      48628635,
      194388638,
      244458487,
      2,
      0
     ]
    },
    "alpha": {
     "s": 0,
     "t": 10,
     "arr": [
      153870238,
      88293028,
      116385480,
      53220159,
      158574872,
      223827820,
      97237243,
      147989765,
      222720889,
      2,
      153870238,
      88293028,
      116385480,
      53220159,
      158574872,
      223827820,
      97237243,
      147989765,
      222720889,
      2,
      0
     ]
    }
   },
   "grade": {
    "beta": {
     "s": 0,
     "t": 10,
     "arr": [
      103184544,
      118507226,
      172325940,
      50120372,
      181111,
      255892241,
      93578105,
      248372601,
      2260618,
      4,
      0
     ]
    },
    "alpha": {
     "s": 0,
     "t": 10,
     "arr": [
      258574791,
      150674451,
      199466044,
      108436610,
      173733296,
      216260994,
      258729463,
      39894115,
      96198805,
      4,
      258574791,
      150674451,
      199466044,
      108436610,
      173733296,
      216260994,
      258729463,
      39894115,
      96198805,
      4,
      0
     ]
    }
   },
   "Delegaci\u00f3n": [
    {
     "beta": {
      "s": 0,
      "t": 9,
      "arr": [
       146814039,
       224475279,
       109456592,
       140578314,
       70244884,
       8558029,
       153171899,
       116748335,
       218836275,
       0,
       2
      ]
     },
     "alpha": {
      "s": 0,
      "t": 10,
      "arr": [
       176277003,
       92514183,
       26953993,
       20108793,
       161386642,
       7253821,
       260506662,
       156293684,
       183689863,
       9,
       176277003,
       92514183,
       26953993,
       20108793,
       161386642,
       7253821,
       260506662,
       156293684,
       183689863,
       9,
       0
      ]
     }
    },
    {
     "beta": {
      "s": 0,
      "t": 10,
      "arr": [
       176017787,
       121595805,
       217691125,
       180347074,
       75299294,
       108362987,
       177273325,
       207059599,
       92204410,
       4,
       3
      ]
     },
     "alpha": {
      "s": 0,
      "t": 10,
      "arr": [
       91852239,
       130123606,
       255238768,
       244851346,
       128420334,
       25776501,
       39175973,
       222486440,
       233264234,
       6,
       91852239,
       130123606,
       255238768,
       244851346,
       128420334,
       25776501,
       39175973,
       222486440,
       233264234,
       6,
       0
      ]
     }
    }
   ],
   "Delegado de 1\u00ba": {
    "beta": {
     "s": 0,
     "t": 10,
     "arr": [
      163324076,
      166354751,
      117531809,
      192228631,
      209856973,
      85592997,
      35100112,
      224046328,
      41851115,
      3,
      0
     ]
    },
    "alpha": {
     "s": 0,
     "t": 10,
     "arr": [
      158066439,
      53861362,
      35317899,
      68721927,
      193110206,
      27331094,
      50715830,
      70976832,
      156995611,
      9,
      158066439,
      53861362,
      35317899,
      68721927,
      193110206,
      27331094,
      50715830,
      70976832,
      156995611,
      9,
      0
     ]
    }
   }
  },
  "voted": "2021-01-07T19:16:46.799Z"
 }
},
{
 "model": "store.vote",
 "pk": 6,
 "fields": {
  "voting_id": 5,
  "voter_id": 1,
  "data": {
   "age": {
    "beta": {
     "s": 0,
     "t": 10,
     "arr": [
      33140868,
      101697716,
      1703047,
      53718024,
      178094632,
      247187616,
      215234503,
      149480691,
      2235427,
      5,
      14
     ]
    },
    "alpha": {
     "s": 0,
     "t": 9,
     "arr": [
      231072511,
      245725396,
      200706193,
      102123997,
      238596936,
      22721618,
      134302259,
      21238942,
      170469613,
      0,
      231072511,
      245725396,
      200706193,
      102123997,
      238596936,
      22721618,
      134302259,
      21238942,
      170469613,
      0,
      0
     ]
    }
   },
   "sex": {
    "beta": {
     "s": 0,
     "t": 10,
     "arr": [
      133841939,
      215901994,
      91262093,
      203596999,
      98112029,
      233470086,
      159931122,
      212857573,
      243865901,
      7,
      0
     ]
    },
    "alpha": {
     "s": 0,
     "t": 10,
     "arr": [
      237907153,
      7674319,
      159202622,
      66917937,
      83555204,
      8057336,
      25670055,
      190261222,
      95229112,
      8,
      237907153,
      7674319,
      159202622,
      66917937,
      83555204,
      8057336,
      25670055,
      190261222,
      95229112,
      8,
      0
     ]
    }
   },
   "year": {
    "beta": {
     "s": 0,
     "t": 10,
     "arr": [
      151129441,
      154865914,
      204324948,
      176026674,
      232377176,
      34735292,
      225355785,
      216920687,
      125465904,
      2,
      0
     ]
    },
    "alpha": {
     "s": 0,
     "t": 10,
     "arr": [
      34216481,
      77857377,
      90497438,
      46204562,
      32862702,
      174835360,
      16680239,
      219783555,
      80807489,
      1,
      34216481,
      77857377,
      90497438,
      46204562,
      32862702,
      174835360,
      16680239,
      219783555,
      80807489,
      1,
      0
     ]
    }
   },
   "grade": {
    "beta": {
     "s": 0,
     "t": 10,
     "arr": [
      186153353,
      230686255,
      212318860,
      130989267,
      68877021,
      91100837,
      26176671,
      265594066,
      227152306,
      5,
      0
     ]
    },
    "alpha": {
     "s": 0,
     "t": 10,
     "arr": [
      13540525,
      61686674,
      228885279,
      163316049,
      78857351,
      179312954,
      256958780,
      130346950,
      143202574,
      6,
      13540525,
      61686674,
      228885279,
      163316049,
      78857351,
      179312954,
      256958780,
      130346950,
      143202574,
      6,
      0
     ]
    }
   },
   "Delegaci\u00f3n": [
    {
     "beta": {
      "s": 0,
      "t": 10,
      "arr": [
       62003764,
       207164865,
       169355889,
       85960082,
       153190736,
       165271543,
       85811466,
       33100717,
       62457548,
       1,
       1
      ]
     },
     "alpha": {
      "s": 0,
      "t": 10,
      "arr": [
       106698451,
       244643355,
       29677962,
       181591382,
       229005409,
       157372448,
       256506450,
       21615597,
       217847124,
       5,
       106698451,
       244643355,
       29677962,
       181591382,
       229005409,
       157372448,
       256506450,
       21615597,
       217847124,
       5,
       0
      ]
     }
    },
    {
     "beta": {
      "s": 0,
      "t": 10,
      "arr": [
       209215309,
       216366957,
       3178970,
       69004790,
       203913772,
       193423334,
       134229304,
       170337615,
       242273834,
       4,
       1
      ]
     },
     "alpha": {
      "s": 0,
      "t": 10,
      "arr": [
       259015298,
       56355996,
       196104613,
       211319445,
       201814005,
       102540201,
       12013693,
       259504863,
       51362517,
       9,
       259015298,
       56355996,
       196104613,
       211319445,
       201814005,
       102540201,
       12013693,
       259504863,
       51362517,
       9,
       0
      ]
     }
    }
   ],
   "Delegado de 1\u00ba": {
    "beta": {
     "s": 0,
     "t": 10,
     "arr": [
      51922563,
      13607593,
      199001998,
      41246554,
      199930717,
      198312743,
      44546934,
      99390617,
      40944385,
      9,
      0
     ]
    },
    "alpha": {
     "s": 0,
     "t": 10,
     "arr": [
      257734682,
      205270845,
      244144102,
      217668456,
      214871167,
      60278135,
      108502632,
      239858741,
      245512787,
      1,
      257734682,
      205270845,
      244144102,
      217668456,
      214871167,
      60278135,
      108502632,
      239858741,
      245512787,
      1,
      0
     ]
    }
   }
  },
  "voted": "2021-01-07T19:19:30.394Z"
 }
},
{
 "model": "store.vote",
 "pk": 7,
 "fields": {
  "voting_id": 5,
  "voter_id": 1,
  "data": {
   "age": {
    "beta": {
     "s": 0,
     "t": 10,
     "arr": [
      217089557,
      84019953,
      35418450,
      27695832,
      236544154,
      154597280,
      106747127,
      122518480,
      131024753,
      4,
      11
     ]
    },
    "alpha": {
     "s": 0,
     "t": 10,
     "arr": [
      222052371,
      33795409,
      117403328,
      199759299,
      133816775,
      174633708,
      76256715,
      18722061,
      185780293,
      8,
      222052371,
      33795409,
      117403328,
      199759299,
      133816775,
      174633708,
      76256715,
      18722061,
      185780293,
      8,
      0
     ]
    }
   },
   "sex": {
    "beta": {
     "s": 0,
     "t": 10,
     "arr": [
      62749392,
      105349892,
      15317267,
      239326721,
      122118183,
      235546929,
      35808118,
      264211959,
      189789670,
      5,
      0
     ]
    },
    "alpha": {
     "s": 0,
     "t": 10,
     "arr": [
      242460719,
      150344874,
      35248939,
      69575227,
      95508927,
      210070793,
      185731025,
      94834427,
      167569871,
      4,
      242460719,
      150344874,
      35248939,
      69575227,
      95508927,
      210070793,
      185731025,
      94834427,
      167569871,
      4,
      0
     ]
    }
   },
   "year": {
    "beta": {
     "s": 0,
     "t": 10,
     "arr": [
      99305460,
      154648505,
      148041126,
      146247198,
      170669723,
      93971258,
      80787859,
      48275130,
      253980329,
      7,
      0
     ]
    },
    "alpha": {
     "s": 0,
     "t": 9,
     "arr": [
      35827196,
      257363989,
      72590644,
      156967690,
      32932675,
      106809786,
      91181641,
      123282697,
      53013429,
      0,
      35827196,
      257363989,
      72590644,
      156967690,
      32932675,
      106809786,
      91181641,
      123282697,
      53013429,
      0,
      0
     ]
    }
   },
   "grade": {
    "beta": {
     "s": 0,
     "t": 10,
     "arr": [
      64206555,
      119338378,
      159466284,
      51148314,
      7152096,
      10356068,
      204150123,
      246064325,
      22201097,
      5,
      0
     ]
    },
    "alpha": {
     "s": 0,
     "t": 10,
     "arr": [
      27977209,
      22474622,
      98446355,
      256047105,
      58746061,
      176035135,
      151985157,
      18998002,
      248275706,
      4,
      27977209,
      22474622,
      98446355,
      256047105,
      58746061,
      176035135,
      151985157,
      18998002,
      248275706,
      4,
      0
     ]
    }
   },
   "Delegaci\u00f3n": [
    {
     "beta": {
      "s": 0,
      "t": 10,
      "arr": [
       167850672,
       241960742,
       7697995,
       94292614,
       85278579,
       50589431,
       70720168,
       171305071,
       140033542,
       5,
       2
      ]
     },
     "alpha": {
      "s": 0,
      "t": 10,
      "arr": [
       206135428,
       185631919,
       41764545,
       230859311,
       208841131,
       164936545,
       83834659,
       123622642,
       121165481,
       9,
       206135428,
       185631919,
       41764545,
       230859311,
       208841131,
       164936545,
       83834659,
       123622642,
       121165481,
       9,
       0
      ]
     }
    },
    {
     "beta": {
      "s": 0,
      "t": 10,
      "arr": [
       123382894,
       185252423,
       60228146,
       161846527,
       63607876,
       236973105,
       214291258,
       92308217,
       104827126,
       9,
       2
      ]
     },
     "alpha": {
      "s": 0,
      "t": 10,
      "arr": [
       55412149,
       56085901,
       139695954,
       254212976,
       82856688,
       12086242,
       214460397,
       13268994,
       262651402,
       7,
       55412149,
       56085901,
       139695954,
       254212976,
       82856688,
       12086242,
       214460397,
       13268994,
       262651402,
       7,
       0
      ]
     }
    }
   ],
   "Delegado de 1\u00ba": {
    "beta": {
     "s": 0,
     "t": 10,
     "arr": [
      263877127,
      149236145,
      26785118,
      67463134,
      102098012,
      105212067,
      63198153,
      132692700,
      167191804,
      2,
      0
     ]
    },
    "alpha": {
     "s": 0,
     "t": 10,
     "arr": [
      68809684,
      174858922,
      9518589,
      100062932,
      250982620,
      66581347,
      234272980,
      187342117,
      61366374,
      5,
      68809684,
      174858922,
      9518589,
      100062932,
      250982620,
      66581347,
      234272980,
      187342117,
      61366374,
      5,
      0
     ]
    }
   }
  },
  "voted": "2021-01-07T19:20:04.335Z"
 }
},
{
 "model": "store.vote",
 "pk": 8,
 "fields": {
  "voting_id": 5,
  "voter_id": 1,
  "data": {
   "age": {
    "beta": {
     "s": 0,
     "t": 9,
     "arr": [
      15581457,
      227474250,
      225920490,
      138520560,
      28252427,
      33579456,
      194784461,
      223434839,
      60681876,
      0,
      3
     ]
    },
    "alpha": {
     "s": 0,
     "t": 10,
     "arr": [
      208133986,
      147324208,
      214560274,
      14021322,
      124833771,
      85298908,
      63403707,
      98048225,
      246457366,
      5,
      208133986,
      147324208,
      214560274,
      14021322,
      124833771,
      85298908,
      63403707,
      98048225,
      246457366,
      5,
      0
     ]
    }
   },
   "sex": {
    "beta": {
     "s": 0,
     "t": 10,
     "arr": [
      186356297,
      22088239,
      258604514,
      85957268,
      15356200,
      80138705,
      217316062,
      98379903,
      239711020,
      5,
      0
     ]
    },
    "alpha": {
     "s": 0,
     "t": 10,
     "arr": [
      257941636,
      165663401,
      105732072,
      14954863,
      224409431,
      215109619,
      46883715,
      16666100,
      160937001,
      2,
      257941636,
      165663401,
      105732072,
      14954863,
      224409431,
      215109619,
      46883715,
      16666100,
      160937001,
      2,
      0
     ]
    }
   },
   "year": {
    "beta": {
     "s": 0,
     "t": 10,
     "arr": [
      48883295,
      134463714,
      17079300,
      165568858,
      124464442,
      167890946,
      252543341,
      248332932,
      141171517,
      4,
      0
     ]
    },
    "alpha": {
     "s": 0,
     "t": 10,
     "arr": [
      259573571,
      88643270,
      16941532,
      73038452,
      251563307,
      115243054,
      130386680,
      17855789,
      158099164,
      3,
      259573571,
      88643270,
      16941532,
      73038452,
      251563307,
      115243054,
      130386680,
      17855789,
      158099164,
      3,
      0
     ]
    }
   },
   "grade": {
    "beta": {
     "s": 0,
     "t": 10,
     "arr": [
      116975670,
      181590592,
      184232523,
      105440631,
      250141813,
      46328294,
      41746032,
      46587217,
      134178544,
      9,
      0
     ]
    },
    "alpha": {
     "s": 0,
     "t": 10,
     "arr": [
      80860319,
      139278885,
      188061082,
      18236295,
      166342196,
      194867608,
      43513186,
      128870701,
      23339507,
      2,
      80860319,
      139278885,
      188061082,
      18236295,
      166342196,
      194867608,
      43513186,
      128870701,
      23339507,
      2,
      0
     ]
    }
   },
   "Delegaci\u00f3n": [
    {
     "beta": {
      "s": 0,
      "t": 10,
      "arr": [
       3003418,
       151183547,
       239890092,
       79524175,
       251730364,
       244406813,
       28564085,
       229951692,
       150250886,
       5,
       1
      ]
     },
     "alpha": {
      "s": 0,
      "t": 9,
      "arr": [
       128725441,
       206938429,
       141027035,
       19413287,
       20097547,
       160464185,
       103273653,
       139722826,
       41463312,
       0,
       128725441,
       206938429,
       141027035,
       19413287,
       20097547,
       160464185,
       103273653,
       139722826,
       41463312,
       0,
       0
      ]
     }
    },
    {
     "beta": {
      "s": 0,
      "t": 9,
      "arr": [
       198760638,
       236100549,
       59229359,
       135566779,
       193969731,
       218428996,
       100805518,
       173845502,
       160478622,
       0,
       2
      ]
     },
     "alpha": {
      "s": 0,
      "t": 10,
      "arr": [
       129799582,
       134907011,
       1280303,
       115370846,
       235976402,
       79949125,
       200710773,
       97262276,
       130251367,
       8,
       129799582,
       134907011,
       1280303,
       115370846,
       235976402,
       79949125,
       200710773,
       97262276,
       130251367,
       8,
       0
      ]
     }
    }
   ],
   "Delegado de 1\u00ba": {
    "beta": {
     "s": 0,
     "t": 10,
     "arr": [
      209793623,
      158976262,
      14585411,
      159284039,
      118999938,
      6458032,
      60503339,
      134688353,
      224675129,
      1,
      0
     ]
    },
    "alpha": {
     "s": 0,
     "t": 10,
     "arr": [
      138194524,
      201403401,
      135632124,
      101454070,
      109679231,
      150273963,
      256393166,
      89387783,
      150071845,
      9,
      138194524,
      201403401,
      135632124,
      101454070,
      109679231,
      150273963,
      256393166,
      89387783,
      150071845,
      9,
      0
     ]
    }
   }
  },
  "voted": "2021-01-07T19:20:54.295Z"
 }
},
{
 "model": "store.vote",
 "pk": 9,
 "fields": {
  "voting_id": 5,
  "voter_id": 1,
  "data": {
   "age": {
    "beta": {
     "s": 0,
     "t": 10,
     "arr": [
      40916282,
      166505477,
      16430258,
      61528823,
      249389521,
      152783354,
      192430658,
      67735377,
      79360210,
      9,
      14
     ]
    },
    "alpha": {
     "s": 0,
     "t": 10,
     "arr": [
      137504055,
      57453288,
      43139630,
      85651061,
      138256933,
      218765296,
      114178383,
      171037663,
      91145674,
      6,
      137504055,
      57453288,
      43139630,
      85651061,
      138256933,
      218765296,
      114178383,
      171037663,
      91145674,
      6,
      0
     ]
    }
   },
   "sex": {
    "beta": {
     "s": 0,
     "t": 10,
     "arr": [
      250705891,
      52347604,
      1646280,
      21705787,
      163753822,
      264249851,
      96379928,
      265474337,
      254687648,
      8,
      0
     ]
    },
    "alpha": {
     "s": 0,
     "t": 9,
     "arr": [
      53808157,
      203827454,
      263221495,
      167260225,
      105728621,
      124871389,
      4414134,
      78923791,
      22859824,
      0,
      53808157,
      203827454,
      263221495,
      167260225,
      105728621,
      124871389,
      4414134,
      78923791,
      22859824,
      0,
      0
     ]
    }
   },
   "year": {
    "beta": {
     "s": 0,
     "t": 10,
     "arr": [
      32392554,
      48623267,
      65358570,
      98451916,
      11140321,
      1096698,
      187440205,
      152285601,
      32830124,
      2,
      0
     ]
    },
    "alpha": {
     "s": 0,
     "t": 10,
     "arr": [
      164177981,
      75464456,
      193342309,
      52848994,
      71865626,
      250409512,
      130714607,
      66686542,
      79269832,
      7,
      164177981,
      75464456,
      193342309,
      52848994,
      71865626,
      250409512,
      130714607,
      66686542,
      79269832,
      7,
      0
     ]
    }
   },
   "grade": {
    "beta": {
     "s": 0,
     "t": 10,
     "arr": [
      14932996,
      189433728,
      102115212,
      252136819,
      142616077,
      75637766,
      97212517,
      183323754,
      198954041,
      5,
      0
     ]
    },
    "alpha": {
     "s": 0,
     "t": 10,
     "arr": [
      94998135,
      214077563,
      166308182,
      128422936,
      78883335,
      23573696,
      99112728,
      33655833,
      149956262,
      6,
      94998135,
      214077563,
      166308182,
      128422936,
      78883335,
      23573696,
      99112728,
      33655833,
      149956262,
      6,
      0
     ]
    }
   },
   "Delegaci\u00f3n": [
    {
     "beta": {
      "s": 0,
      "t": 10,
      "arr": [
       204184405,
       21981882,
       248425436,
       75056149,
       3248686,
       169393828,
       192720692,
       152115952,
       266152728,
       6,
       0
      ]
     },
     "alpha": {
      "s": 0,
      "t": 10,
      "arr": [
       45165726,
       148028213,
       173724965,
       150268188,
       28195350,
       36085845,
       36994005,
       146759004,
       198460412,
       9,
       45165726,
       148028213,
       173724965,
       150268188,
       28195350,
       36085845,
       36994005,
       146759004,
       198460412,
       9,
       0
      ]
     }
    },
    {
     "beta": {
      "s": 0,
      "t": 10,
      "arr": [
       201388175,
       234472002,
       236216732,
       48352882,
       265594214,
       22220132,
       6148246,
       66393372,
       131888723,
       4,
       3
      ]
     },
     "alpha": {
      "s": 0,
      "t": 10,
      "arr": [
       125404758,
       86500222,
       46035364,
       56301278,
       130091405,
       22618949,
       158008140,
       18497394,
       245298780,
       7,
       125404758,
       86500222,
       46035364,
       56301278,
       130091405,
       22618949,
       158008140,
       18497394,
       245298780,
       7,
       0
      ]
     }
    },
    {
     "beta": {
      "s": 0,
      "t": 10,
      "arr": [
       181378613,
       209710140,
       208142065,
       146230451,
       172431620,
       241616473,
       248437241,
       229042360,
       100977395,
       7,
       0
      ]
     },
     "alpha": {
      "s": 0,
      "t": 10,
      "arr": [
       142816978,
       112804984,
       178116779,
       99677631,
       264117036,
       143787948,
       93391126,
       15064906,
       125200443,
       8,
       142816978,
       112804984,
       178116779,
       99677631,
       264117036,
       143787948,
       93391126,
       15064906,
       125200443,
       8,
       0
      ]
     }
    }
   ],
   "Delegado de 1\u00ba": {
    "beta": {
     "s": 0,
     "t": 10,
     "arr": [
      103049198,
      107424308,
      234953851,
      50549558,
      63796003,
      71992191,
      136462428,
      117616583,
      168847370,
      4,
      0
     ]
    },
    "alpha": {
     "s": 0,
     "t": 10,
     "arr": [
      174710340,
      142068889,
      268379591,
      65326120,
      164901050,
      158990167,
      50968916,
      254850683,
      9521505,
      5,
      174710340,
      142068889,
      268379591,
      65326120,
      164901050,
      158990167,
      50968916,
      254850683,
      9521505,
      5,
      0
     ]
    }
   }
  },
  "voted": "2021-01-07T19:21:24.561Z"
 }
},
{
 "model": "store.vote",
 "pk": 10,
 "fields": {
  "voting_id": 5,
  "voter_id": 1,
  "data": {
   "age": {
    "beta": {
     "s": 0,
     "t": 10,
     "arr": [
      243363984,
      201916518,
      267703252,
      188353039,
      186326415,
      132047177,
      236423904,
      60371802,
      205008194,
      8,
      8
     ]
    },
    "alpha": {
     "s": 0,
     "t": 10,
     "arr": [
      1997446,
      184162040,
      261143951,
      78616321,
      2339371,
      97346871,
      217051684,
      115574733,
      64009406,
      7,
      1997446,
      184162040,
      261143951,
      78616321,
      2339371,
      97346871,
      217051684,
      115574733,
      64009406,
      7,
      0
     ]
    }
   },
   "sex": {
    "beta": {
     "s": 0,
     "t": 10,
     "arr": [
      235455647,
      217998937,
      147095549,
      103137290,
      216120066,
      169936544,
      137473654,
      166643911,
      48599379,
      7,
      0
     ]
    },
    "alpha": {
     "s": 0,
     "t": 10,
     "arr": [
      17139557,
      260854829,
      151186919,
      20050544,
      220813682,
      178937131,
      127672485,
      191761054,
      679704,
      9,
      17139557,
      260854829,
      151186919,
      20050544,
      220813682,
      178937131,
      127672485,
      191761054,
      679704,
      9,
      0
     ]
    }
   },
   "year": {
    "beta": {
     "s": 0,
     "t": 10,
     "arr": [
      47984186,
      211931222,
      26698517,
      267156595,
      109627023,
      19786063,
      192811522,
      137844886,
      74246766,
      9,
      0
     ]
    },
    "alpha": {
     "s": 0,
     "t": 9,
     "arr": [
      206777314,
      259963441,
      169125179,
      143757200,
      161197530,
      56749042,
      199884545,
      26450067,
      109827747,
      0,
      206777314,
      259963441,
      169125179,
      143757200,
      161197530,
      56749042,
      199884545,
      26450067,
      109827747,
      0,
      0
     ]
    }
   },
   "grade": {
    "beta": {
     "s": 0,
     "t": 10,
     "arr": [
      85302152,
      16988443,
      126405900,
      35819654,
      171333995,
      217828188,
      193211334,
      224378541,
      110856199,
      1,
      0
     ]
    },
    "alpha": {
     "s": 0,
     "t": 10,
     "arr": [
      24580065,
      149543231,
      15113141,
      186913152,
      198593647,
      196617949,
      188777033,
      150038379,
      27005051,
      3,
      24580065,
      149543231,
      15113141,
      186913152,
      198593647,
      196617949,
      188777033,
      150038379,
      27005051,
      3,
      0
     ]
    }
   },
   "Delegaci\u00f3n": [
    {
     "beta": {
      "s": 0,
      "t": 10,
      "arr": [
       85959909,
       14973815,
       49795709,
       243359874,
       252408111,
       153810051,
       115258197,
       18627301,
       10425883,
       8,
       2
      ]
     },
     "alpha": {
      "s": 0,
      "t": 10,
      "arr": [
       20631366,
       50287432,
       190679762,
       72272109,
       6335340,
       110532050,
       255180085,
       84678920,
       125123960,
       3,
       20631366,
       50287432,
       190679762,
       72272109,
       6335340,
       110532050,
       255180085,
       84678920,
       125123960,
       3,
       0
      ]
     }
    },
    {
     "beta": {
      "s": 0,
      "t": 10,
      "arr": [
       139481857,
       131999716,
       90102706,
       49128561,
       52586836,
       156546569,
       242746903,
       58896443,
       197021486,
       6,
       1
      ]
     },
     "alpha": {
      "s": 0,
      "t": 9,
      "arr": [
       28568403,
       173130514,
       37068221,
       187372798,
       114733487,
       89824552,
       222521478,
       237153170,
       160633228,
       0,
       28568403,
       173130514,
       37068221,
       187372798,
       114733487,
       89824552,
       222521478,
       237153170,
       160633228,
       0,
       0
      ]
     }
    },
    {
     "beta": {
      "s": 0,
      "t": 10,
      "arr": [
       130111482,
       45761886,
       117194619,
       14173988,
       165431358,
       145509211,
       100114898,
       190204960,
       228536432,
       8,
       2
      ]
     },
     "alpha": {
      "s": 0,
      "t": 10,
      "arr": [
       97347749,
       214336567,
       252255810,
       219306692,
       20980943,
       130476380,
       13445340,
       243738359,
       82487661,
       5,
       97347749,
       214336567,
       252255810,
       219306692,
       20980943,
       130476380,
       13445340,
       243738359,
       82487661,
       5,
       0
      ]
     }
    }
   ],
   "Delegado de 1\u00ba": {
    "beta": {
     "s": 0,
     "t": 10,
     "arr": [
      127220691,
      68241905,
      26989494,
      230527285,
      200559418,
      202165879,
      155785179,
      120474610,
      189939439,
      8,
      0
     ]
    },
    "alpha": {
     "s": 0,
     "t": 10,
     "arr": [
      11008824,
      33014996,
      168831878,
      202655174,
      74561974,
      70345180,
      210728510,
      75915795,
      236093261,
      1,
      11008824,
      33014996,
      168831878,
      202655174,
      74561974,
      70345180,
      210728510,
      75915795,
      236093261,
      1,
      0
     ]
    }
   }
  },
  "voted": "2021-01-07T19:22:17.986Z"
 }
},
{
 "model": "store.vote",
 "pk": 11,
 "fields": {
  "voting_id": 4,
  "voter_id": 1,
  "data": {
   "age": {
    "a": "59112761289577178381331373050506157105353839475839135097123062228093371674977",
    "b": "12622794536700910834029726850299506886443970253126614058351834283806377785069"
   },
   "sex": {
    "a": "31106930089634277690666402045497290342890940537384083860029763190700530171672",
    "b": "102021888540150401718800454483072151499233890807694558364430358570114398441352"
   },
   "year": {
    "a": "23517193659761231305102624540236770168475462197526296929180087081803224596621",
    "b": "17955306343783409852190989549052292964089153931589030780313322999360599145163"
   },
   "grade": {
    "a": "55760941917611862718234749552257051836727718667843542286343341501566149948452",
    "b": "2551064392766742381757040885586827930479646198525871557464227496368394182305"
   },
   "Delegado de 1\u00ba": {
    "a": "84833890632484246266242802048557891194434833316059947982567168515109549231196",
    "b": "100586689230140015134105856900957076591645916084977085207284961477172448196120"
   },
   "Delegado de 2\u00ba": {
    "a": "92601269429585097949591778559384708147583804400938549084467872651546332800136",
    "b": "81805407449576163940846316506541643358618690365334402768718486140275585037081"
   },
   "Delegado de 3\u00ba": {
    "a": "97773109290918734705729537223370563266946962354015997403376522875271836656186",
    "b": "94311195546506476920034380735495895524850974647527650990646273985635923449370"
   },
   "Delegado de 4\u00ba": {
    "a": "104564533903040616370619802940279575176218555088892473936365150632600910986896",
    "b": "13628802998721298937274697154267810040418389937239106858521073972151170723121"
   },
   "Delegado de Centro": {
    "a": "57250301894888404008311171236314015669164062410953742051259591418042600516382",
    "b": "100947539868190581063670928472558168799142848384058004009016562652187431507371"
   },
   "Delegado de M\u00e1ster": {
    "a": "11908483158790756369425370019993061131853417170713815106723424856904793671631",
    "b": "77387699262851718273591232956958748803532039701503231762091154806405339908935"
   }
  },
  "voted": "2021-01-09T00:19:56.162Z"
 }
},
{
 "model": "voting.question",
 "pk": 1,
 "fields": {
  "desc": "scascascasc"
 }
},
{
 "model": "voting.question",
 "pk": 2,
 "fields": {
  "desc": "3r23r23r2wdwscsdfwrfwef"
 }
},
{
 "model": "voting.question",
 "pk": 3,
 "fields": {
  "desc": "g24grewfdcsb5t4rewcdv gbrtercd"
 }
},
{
 "model": "voting.question",
 "pk": 4,
 "fields": {
  "desc": "Delegado de 1\u00ba"
 }
},
{
 "model": "voting.question",
 "pk": 5,
 "fields": {
  "desc": "Delegado de 2\u00ba"
 }
},
{
 "model": "voting.question",
 "pk": 6,
 "fields": {
  "desc": "Delegado de 3\u00ba"
 }
},
{
 "model": "voting.question",
 "pk": 7,
 "fields": {
  "desc": "Delegado de 4\u00ba"
 }
},
{
 "model": "voting.question",
 "pk": 8,
 "fields": {
  "desc": "Delegado de M\u00e1ster"
 }
},
{
 "model": "voting.question",
 "pk": 9,
 "fields": {
  "desc": "Delegado de Centro"
 }
},
{
 "model": "voting.question",
 "pk": 10,
 "fields": {
  "desc": "Delegaci\u00f3n"
 }
},
{
 "model": "voting.questionoption",
 "pk": 1,
 "fields": {
  "question": 1,
  "number": 1,
  "option": "ascascascascwecwec"
 }
},
{
 "model": "voting.questionoption",
 "pk": 2,
 "fields": {
  "question": 1,
  "number": 2,
  "option": "rv3ewcds3rvewdcsa"
 }
},
{
 "model": "voting.questionoption",
 "pk": 3,
 "fields": {
  "question": 2,
  "number": 1,
  "option": "wefwcxscwefwef"
 }
},
{
 "model": "voting.questionoption",
 "pk": 4,
 "fields": {
  "question": 2,
  "number": 2,
  "option": "4xrwefwzefxfe"
 }
},
{
 "model": "voting.questionoption",
 "pk": 5,
 "fields": {
  "question": 3,
  "number": 1,
  "option": "f34fewfwcsdcsdc"
 }
},
{
 "model": "voting.questionoption",
 "pk": 6,
 "fields": {
  "question": 3,
  "number": 2,
  "option": "4f3ewdcfvgbt4g3recd"
 }
},
{
 "model": "voting.questionoption",
 "pk": 7,
 "fields": {
  "question": 4,
  "number": 1,
  "option": "\u00c1lvaro Aguilar Alhama"
 }
},
{
 "model": "voting.questionoption",
 "pk": 8,
 "fields": {
  "question": 4,
  "number": 2,
  "option": "Jos\u00e9 Manuel Cobo Guerrero"
 }
},
{
 "model": "voting.questionoption",
 "pk": 9,
 "fields": {
  "question": 4,
  "number": 3,
  "option": "Carlos Doblado Herrero"
 }
},
{
 "model": "voting.questionoption",
 "pk": 10,
 "fields": {
  "question": 4,
  "number": 4,
  "option": "Miguel Ponce Melero"
 }
},
{
 "model": "voting.questionoption",
 "pk": 11,
 "fields": {
  "question": 4,
  "number": 5,
  "option": "Francisco Jos\u00e9 Quintela Vela"
 }
},
{
 "model": "voting.questionoption",
 "pk": 12,
 "fields": {
  "question": 5,
  "number": 1,
  "option": "\u00c1lvaro Aguilar Alhama"
 }
},
{
 "model": "voting.questionoption",
 "pk": 13,
 "fields": {
  "question": 5,
  "number": 2,
  "option": "Jos\u00e9 Manuel Cobo Guerrero"
 }
},
{
 "model": "voting.questionoption",
 "pk": 14,
 "fields": {
  "question": 5,
  "number": 3,
  "option": "Carlos Doblado Herrero"
 }
},
{
 "model": "voting.questionoption",
 "pk": 15,
 "fields": {
  "question": 5,
  "number": 4,
  "option": "Miguel Ponce Melero"
 }
},
{
 "model": "voting.questionoption",
 "pk": 16,
 "fields": {
  "question": 5,
  "number": 5,
  "option": "Francisco Jos\u00e9 Quintela Vela"
 }
},
{
 "model": "voting.questionoption",
 "pk": 17,
 "fields": {
  "question": 6,
  "number": 1,
  "option": "\u00c1lvaro Aguilar Alhama"
 }
},
{
 "model": "voting.questionoption",
 "pk": 18,
 "fields": {
  "question": 6,
  "number": 2,
  "option": "Jos\u00e9 Manuel Cobo Guerrero"
 }
},
{
 "model": "voting.questionoption",
 "pk": 19,
 "fields": {
  "question": 6,
  "number": 3,
  "option": "Carlos Doblado Herrero"
 }
},
{
 "model": "voting.questionoption",
 "pk": 20,
 "fields": {
  "question": 6,
  "number": 4,
  "option": "Miguel Ponce Melero"
 }
},
{
 "model": "voting.questionoption",
 "pk": 21,
 "fields": {
  "question": 6,
  "number": 5,
  "option": "Francisco Jos\u00e9 Quintela Vela"
 }
},
{
 "model": "voting.questionoption",
 "pk": 22,
 "fields": {
  "question": 7,
  "number": 1,
  "option": "\u00c1lvaro Aguilar Alhama"
 }
},
{
 "model": "voting.questionoption",
 "pk": 23,
 "fields": {
  "question": 7,
  "number": 2,
  "option": "Jos\u00e9 Manuel Cobo Guerrero"
 }
},
{
 "model": "voting.questionoption",
 "pk": 24,
 "fields": {
  "question": 7,
  "number": 3,
  "option": "Carlos Doblado Herrero"
 }
},
{
 "model": "voting.questionoption",
 "pk": 25,
 "fields": {
  "question": 7,
  "number": 4,
  "option": "Miguel Ponce Melero"
 }
},
{
 "model": "voting.questionoption",
 "pk": 26,
 "fields": {
  "question": 7,
  "number": 5,
  "option": "Francisco Jos\u00e9 Quintela Vela"
 }
},
{
 "model": "voting.questionoption",
 "pk": 27,
 "fields": {
  "question": 8,
  "number": 1,
  "option": "\u00c1lvaro Aguilar Alhama"
 }
},
{
 "model": "voting.questionoption",
 "pk": 28,
 "fields": {
  "question": 8,
  "number": 2,
  "option": "Jos\u00e9 Manuel Cobo Guerrero"
 }
},
{
 "model": "voting.questionoption",
 "pk": 29,
 "fields": {
  "question": 8,
  "number": 3,
  "option": "Carlos Doblado Herrero"
 }
},
{
 "model": "voting.questionoption",
 "pk": 30,
 "fields": {
  "question": 8,
  "number": 4,
  "option": "Miguel Ponce Melero"
 }
},
{
 "model": "voting.questionoption",
 "pk": 31,
 "fields": {
  "question": 8,
  "number": 5,
  "option": "Francisco Jos\u00e9 Quintela Vela"
 }
},
{
 "model": "voting.questionoption",
 "pk": 32,
 "fields": {
  "question": 9,
  "number": 1,
  "option": "\u00c1lvaro Aguilar Alhama"
 }
},
{
 "model": "voting.questionoption",
 "pk": 33,
 "fields": {
  "question": 9,
  "number": 2,
  "option": "Jos\u00e9 Manuel Cobo Guerrero"
 }
},
{
 "model": "voting.questionoption",
 "pk": 34,
 "fields": {
  "question": 9,
  "number": 3,
  "option": "Carlos Doblado Herrero"
 }
},
{
 "model": "voting.questionoption",
 "pk": 35,
 "fields": {
  "question": 9,
  "number": 4,
  "option": "Miguel Ponce Melero"
 }
},
{
 "model": "voting.questionoption",
 "pk": 36,
 "fields": {
  "question": 9,
  "number": 5,
  "option": "Francisco Jos\u00e9 Quintela Vela"
 }
},
{
 "model": "voting.questionoption",
 "pk": 37,
 "fields": {
  "question": 10,
  "number": 1,
  "option": "\u00c1lvaro Aguilar Alhama/3"
 }
},
{
 "model": "voting.questionoption",
 "pk": 38,
 "fields": {
  "question": 10,
  "number": 2,
  "option": "Jos\u00e9 Manuel Cobo Guerrero/4"
 }
},
{
 "model": "voting.questionoption",
 "pk": 39,
 "fields": {
  "question": 10,
  "number": 3,
  "option": "Carlos Doblado Herrero/5"
 }
},
{
 "model": "voting.questionoption",
 "pk": 40,
 "fields": {
  "question": 10,
  "number": 4,
  "option": "Miguel Ponce Melero/6"
 }
},
{
 "model": "voting.questionoption",
 "pk": 41,
 "fields": {
  "question": 10,
  "number": 5,
  "option": "Francisco Jos\u00e9 Quintela Vela/7"
 }
},
{
 "model": "voting.questionoption",
 "pk": 42,
 "fields": {
  "question": 10,
  "number": 6,
  "option": "Blasco Ram\u00edrez/8"
 }
},
{
 "model": "voting.questionoption",
 "pk": 43,
 "fields": {
  "question": 10,
  "number": 7,
  "option": "Diana Asencio/9"
 }
},
{
 "model": "voting.questionoption",
 "pk": 44,
 "fields": {
  "question": 10,
  "number": 8,
  "option": "Elena Morales/10"
 }
},
{
 "model": "voting.questionoption",
 "pk": 45,
 "fields": {
  "question": 10,
  "number": 9,
  "option": "Guillermina Perez/11"
 }
},
{
 "model": "voting.questionoption",
 "pk": 46,
 "fields": {
  "question": 10,
  "number": 10,
  "option": "Hilaria Pino/12"
 }
},
{
 "model": "voting.questionoption",
 "pk": 47,
 "fields": {
  "question": 10,
  "number": 11,
  "option": "Inma Cuesta/13"
 }
},
{
 "model": "voting.questionoption",
 "pk": 48,
 "fields": {
  "question": 10,
  "number": 12,
  "option": "Kevina Pedrosa/14"
 }
},
{
 "model": "voting.questionoption",
 "pk": 49,
 "fields": {
  "question": 10,
  "number": 13,
  "option": "Lelo Moe Sinlack/15"
 }
},
{
 "model": "voting.questionoption",
 "pk": 50,
 "fields": {
  "question": 10,
  "number": 14,
  "option": "Nuria Garc\u00eda/16"
 }
},
{
 "model": "voting.candidatura",
 "pk": 1,
 "fields": {
  "nombre": "Guapo",
  "delegadoCentro": 1,
  "representanteDelegadoPrimero": 2,
  "representanteDelegadoSegundo": 1,
  "representanteDelegadoTercero": 2,
  "representanteDelegadoCuarto": 1,
  "representanteDelegadoMaster": 2
 }
},
{
 "model": "voting.voting",
 "pk": 1,
 "fields": {
  "name": "4g5edvcbt4berv",
  "desc": "45g4refer",
  "start_date": "2021-01-01T17:46:49.401Z",
  "end_date": null,
  "tipo": "GV",
  "candiancy": null,
  "pub_key": 3,
  "tally": null,
  "postproc": null,
  "question": [
   1,
   2,
   3
  ],
  "auths": [
   2
  ]
 }
},
{
 "model": "voting.voting",
 "pk": 2,
 "fields": {
  "name": "wedf2ed2asx",
  "desc": "f2ewds34fwcdewc",
  "start_date": "2021-01-01T17:47:44.353Z",
  "end_date": null,
  "tipo": "GV",
  "candiancy": null,
  "pub_key": 6,
  "tally": null,
  "postproc": null,
  "question": [
   1,
   2,
   3
  ],
  "auths": [
   2
  ]
 }
},
{
 "model": "voting.voting",
 "pk": 3,
 "fields": {
  "name": "afasfasd",
  "desc": "fwefwewedwwedwecwewecwecwecwecwecwecwecwcws",
  "start_date": "2021-01-03T10:59:47.606Z",
  "end_date": null,
  "tipo": "PV",
  "candiancy": 1,
  "pub_key": 9,
  "tally": null,
  "postproc": null,
  "question": [
   1,
   2,
   3
  ],
  "auths": [
   2
  ]
 }
},
{
 "model": "voting.voting",
 "pk": 4,
 "fields": {
  "name": "Esta es la primaria",
  "desc": "Votaci\u00f3n Primaria",
  "start_date": "2021-01-07T09:42:24.055Z",
  "end_date": null,
  "tipo": "PV",
  "candiancy": 1,
  "pub_key": 15,
  "tally": null,
  "postproc": null,
  "question": [
   4,
   5,
   6,
   7,
   8,
   9
  ],
  "auths": [
   2
  ]
 }
},
{
 "model": "voting.voting",
 "pk": 5,
 "fields": {
  "name": "Esta es la general",
  "desc": "Votaci\u00f3n general",
  "start_date": "2021-01-07T09:42:23.015Z",
  "end_date": null,
  "tipo": "GV",
  "candiancy": null,
  "pub_key": 12,
  "tally": null,
  "postproc": null,
  "question": [
   4,
   5,
   6,
   7,
   8,
   9,
   10
  ],
  "auths": [
   2
  ]
 }
},
{
 "model": "admin.logentry",
 "pk": 1,
 "fields": {
  "action_time": "2021-01-01T17:38:56.946Z",
  "user": 1,
  "content_type": 7,
  "object_id": "1",
  "object_repr": "localhost:8000",
  "action_flag": 2,
  "change_message": "[{\"changed\": {\"fields\": [\"domain\", \"name\"]}}]"
 }
},
{
 "model": "admin.logentry",
 "pk": 2,
 "fields": {
  "action_time": "2021-01-01T17:45:13.313Z",
  "user": 1,
  "content_type": 21,
  "object_id": "1",
  "object_repr": "scascascasc",
  "action_flag": 1,
  "change_message": "[{\"added\": {}}, {\"added\": {\"name\": \"question option\", \"object\": \"ascascascascwecwec (1)\"}}, {\"added\": {\"name\": \"question option\", \"object\": \"rv3ewcds3rvewdcsa (2)\"}}]"
 }
},
{
 "model": "admin.logentry",
 "pk": 3,
 "fields": {
  "action_time": "2021-01-01T17:45:27.570Z",
  "user": 1,
  "content_type": 21,
  "object_id": "2",
  "object_repr": "3r23r23r2wdwscsdfwrfwef",
  "action_flag": 1,
  "change_message": "[{\"added\": {}}, {\"added\": {\"name\": \"question option\", \"object\": \"wefwcxscwefwef (1)\"}}, {\"added\": {\"name\": \"question option\", \"object\": \"4xrwefwzefxfe (2)\"}}]"
 }
},
{
 "model": "admin.logentry",
 "pk": 4,
 "fields": {
  "action_time": "2021-01-01T17:45:48.237Z",
  "user": 1,
  "content_type": 21,
  "object_id": "3",
  "object_repr": "g24grewfdcsb5t4rewcdv gbrtercd",
  "action_flag": 1,
  "change_message": "[{\"added\": {}}, {\"added\": {\"name\": \"question option\", \"object\": \"f34fewfwcsdcsdc (1)\"}}, {\"added\": {\"name\": \"question option\", \"object\": \"4f3ewdcfvgbt4g3recd (2)\"}}]"
 }
},
{
 "model": "admin.logentry",
 "pk": 5,
 "fields": {
  "action_time": "2021-01-01T17:46:33.801Z",
  "user": 1,
  "content_type": 15,
  "object_id": "1",
  "object_repr": "http://localhost:8000",
  "action_flag": 1,
  "change_message": "[{\"added\": {}}]"
 }
},
{
 "model": "admin.logentry",
 "pk": 6,
 "fields": {
  "action_time": "2021-01-01T17:46:35.972Z",
  "user": 1,
  "content_type": 23,
  "object_id": "1",
  "object_repr": "4g5edvcbt4berv",
  "action_flag": 1,
  "change_message": "[{\"added\": {}}]"
 }
},
{
 "model": "admin.logentry",
 "pk": 7,
 "fields": {
  "action_time": "2021-01-01T17:47:37.818Z",
  "user": 1,
  "content_type": 23,
  "object_id": "2",
  "object_repr": "wedf2ed2asx",
  "action_flag": 1,
  "change_message": "[{\"added\": {}}]"
 }
},
{
 "model": "admin.logentry",
 "pk": 8,
 "fields": {
  "action_time": "2021-01-01T17:48:27.651Z",
  "user": 1,
  "content_type": 23,
  "object_id": "1",
  "object_repr": "4g5edvcbt4berv",
  "action_flag": 2,
  "change_message": "[]"
 }
},
{
 "model": "admin.logentry",
 "pk": 9,
 "fields": {
  "action_time": "2021-01-01T17:48:46.973Z",
  "user": 1,
  "content_type": 23,
  "object_id": "1",
  "object_repr": "4g5edvcbt4berv",
  "action_flag": 2,
  "change_message": "[{\"changed\": {\"fields\": [\"auths\"]}}]"
 }
},
{
 "model": "admin.logentry",
 "pk": 10,
 "fields": {
  "action_time": "2021-01-01T20:19:37.944Z",
  "user": 1,
  "content_type": 17,
  "object_id": "1",
  "object_repr": "Census object (1)",
  "action_flag": 1,
  "change_message": "[{\"added\": {}}]"
 }
},
{
 "model": "admin.logentry",
 "pk": 11,
 "fields": {
  "action_time": "2021-01-02T10:29:42.597Z",
  "user": 1,
  "content_type": 19,
  "object_id": "1",
  "object_repr": "2: 1",
  "action_flag": 3,
  "change_message": ""
 }
},
{
 "model": "admin.logentry",
 "pk": 12,
 "fields": {
  "action_time": "2021-01-03T10:58:39.075Z",
  "user": 1,
  "content_type": 20,
  "object_id": "1",
  "object_repr": "Guapo",
  "action_flag": 1,
  "change_message": "[{\"added\": {}}]"
 }
},
{
 "model": "admin.logentry",
 "pk": 13,
 "fields": {
  "action_time": "2021-01-03T10:59:21.768Z",
  "user": 1,
  "content_type": 23,
  "object_id": "3",
  "object_repr": "afasfasd",
  "action_flag": 1,
  "change_message": "[{\"added\": {}}]"
 }
},
{
 "model": "admin.logentry",
 "pk": 14,
 "fields": {
  "action_time": "2021-01-07T09:21:57.054Z",
  "user": 1,
  "content_type": 21,
  "object_id": "4",
  "object_repr": "Delegado de 1\u00ba",
  "action_flag": 1,
  "change_message": "[{\"added\": {}}, {\"added\": {\"name\": \"question option\", \"object\": \"\\u00c1lvaro Aguilar Alhama (1)\"}}, {\"added\": {\"name\": \"question option\", \"object\": \"Jos\\u00e9 Manuel Cobo Guerrero (2)\"}}, {\"added\": {\"name\": \"question option\", \"object\": \"Carlos Doblado Herrero (3)\"}}, {\"added\": {\"name\": \"question option\", \"object\": \"Miguel Ponce Melero (4)\"}}, {\"added\": {\"name\": \"question option\", \"object\": \"Francisco Jos\\u00e9 Quintela Vela (5)\"}}]"
 }
},
{
 "model": "admin.logentry",
 "pk": 15,
 "fields": {
  "action_time": "2021-01-07T09:22:43.475Z",
  "user": 1,
  "content_type": 21,
  "object_id": "5",
  "object_repr": "Delegado de 2\u00ba",
  "action_flag": 1,
  "change_message": "[{\"added\": {}}, {\"added\": {\"name\": \"question option\", \"object\": \"\\u00c1lvaro Aguilar Alhama (1)\"}}, {\"added\": {\"name\": \"question option\", \"object\": \"Jos\\u00e9 Manuel Cobo Guerrero (2)\"}}, {\"added\": {\"name\": \"question option\", \"object\": \"Carlos Doblado Herrero (3)\"}}, {\"added\": {\"name\": \"question option\", \"object\": \"Miguel Ponce Melero (4)\"}}, {\"added\": {\"name\": \"question option\", \"object\": \"Francisco Jos\\u00e9 Quintela Vela (5)\"}}]"
 }
},
{
 "model": "admin.logentry",
 "pk": 16,
 "fields": {
  "action_time": "2021-01-07T09:23:31.086Z",
  "user": 1,
  "content_type": 21,
  "object_id": "6",
  "object_repr": "Delegado de 3\u00ba",
  "action_flag": 1,
  "change_message": "[{\"added\": {}}, {\"added\": {\"name\": \"question option\", \"object\": \"\\u00c1lvaro Aguilar Alhama (1)\"}}, {\"added\": {\"name\": \"question option\", \"object\": \"Jos\\u00e9 Manuel Cobo Guerrero (2)\"}}, {\"added\": {\"name\": \"question option\", \"object\": \"Carlos Doblado Herrero (3)\"}}, {\"added\": {\"name\": \"question option\", \"object\": \"Miguel Ponce Melero (4)\"}}, {\"added\": {\"name\": \"question option\", \"object\": \"Francisco Jos\\u00e9 Quintela Vela (5)\"}}]"
 }
},
{
 "model": "admin.logentry",
 "pk": 17,
 "fields": {
  "action_time": "2021-01-07T09:24:19.851Z",
  "user": 1,
  "content_type": 21,
  "object_id": "7",
  "object_repr": "Delgado de 4\u00ba",
  "action_flag": 1,
  "change_message": "[{\"added\": {}}, {\"added\": {\"name\": \"question option\", \"object\": \"\\u00c1lvaro Aguilar Alhama (1)\"}}, {\"added\": {\"name\": \"question option\", \"object\": \"Jos\\u00e9 Manuel Cobo Guerrero (2)\"}}, {\"added\": {\"name\": \"question option\", \"object\": \"Carlos Doblado Herrero (3)\"}}, {\"added\": {\"name\": \"question option\", \"object\": \"Miguel Ponce Melero (4)\"}}, {\"added\": {\"name\": \"question option\", \"object\": \"Francisco Jos\\u00e9 Quintela Vela (5)\"}}]"
 }
},
{
 "model": "admin.logentry",
 "pk": 18,
 "fields": {
  "action_time": "2021-01-07T09:24:36.726Z",
  "user": 1,
  "content_type": 21,
  "object_id": "7",
  "object_repr": "Delegado de 4\u00ba",
  "action_flag": 2,
  "change_message": "[{\"changed\": {\"fields\": [\"desc\"]}}]"
 }
},
{
 "model": "admin.logentry",
 "pk": 19,
 "fields": {
  "action_time": "2021-01-07T09:25:31.663Z",
  "user": 1,
  "content_type": 21,
  "object_id": "8",
  "object_repr": "Delegado de M\u00e1ster",
  "action_flag": 1,
  "change_message": "[{\"added\": {}}, {\"added\": {\"name\": \"question option\", \"object\": \"\\u00c1lvaro Aguilar Alhama (1)\"}}, {\"added\": {\"name\": \"question option\", \"object\": \"Jos\\u00e9 Manuel Cobo Guerrero (2)\"}}, {\"added\": {\"name\": \"question option\", \"object\": \"Carlos Doblado Herrero (3)\"}}, {\"added\": {\"name\": \"question option\", \"object\": \"Miguel Ponce Melero (4)\"}}, {\"added\": {\"name\": \"question option\", \"object\": \"Francisco Jos\\u00e9 Quintela Vela (5)\"}}]"
 }
},
{
 "model": "admin.logentry",
 "pk": 20,
 "fields": {
  "action_time": "2021-01-07T09:26:39.524Z",
  "user": 1,
  "content_type": 21,
  "object_id": "9",
  "object_repr": "Delegado de Centro",
  "action_flag": 1,
  "change_message": "[{\"added\": {}}, {\"added\": {\"name\": \"question option\", \"object\": \"\\u00c1lvaro Aguilar Alhama (1)\"}}, {\"added\": {\"name\": \"question option\", \"object\": \"Jos\\u00e9 Manuel Cobo Guerrero (2)\"}}, {\"added\": {\"name\": \"question option\", \"object\": \"Carlos Doblado Herrero (3)\"}}, {\"added\": {\"name\": \"question option\", \"object\": \"Miguel Ponce Melero (4)\"}}, {\"added\": {\"name\": \"question option\", \"object\": \"Francisco Jos\\u00e9 Quintela Vela (5)\"}}]"
 }
},
{
 "model": "admin.logentry",
 "pk": 21,
 "fields": {
  "action_time": "2021-01-07T09:27:43.293Z",
  "user": 1,
  "content_type": 4,
  "object_id": "3",
  "object_repr": "A",
  "action_flag": 1,
  "change_message": "[{\"added\": {}}]"
 }
},
{
 "model": "admin.logentry",
 "pk": 22,
 "fields": {
  "action_time": "2021-01-07T09:28:25.983Z",
  "user": 1,
  "content_type": 14,
  "object_id": "3",
  "object_repr": "A",
  "action_flag": 1,
  "change_message": "[{\"added\": {}}]"
 }
},
{
 "model": "admin.logentry",
 "pk": 23,
 "fields": {
  "action_time": "2021-01-07T09:28:51.398Z",
  "user": 1,
  "content_type": 4,
  "object_id": "4",
  "object_repr": "J",
  "action_flag": 1,
  "change_message": "[{\"added\": {}}]"
 }
},
{
 "model": "admin.logentry",
 "pk": 24,
 "fields": {
  "action_time": "2021-01-07T09:29:26.583Z",
  "user": 1,
  "content_type": 14,
  "object_id": "4",
  "object_repr": "J",
  "action_flag": 1,
  "change_message": "[{\"added\": {}}]"
 }
},
{
 "model": "admin.logentry",
 "pk": 25,
 "fields": {
  "action_time": "2021-01-07T09:29:52.002Z",
  "user": 1,
  "content_type": 4,
  "object_id": "5",
  "object_repr": "C",
  "action_flag": 1,
  "change_message": "[{\"added\": {}}]"
 }
},
{
 "model": "admin.logentry",
 "pk": 26,
 "fields": {
  "action_time": "2021-01-07T09:30:11.366Z",
  "user": 1,
  "content_type": 14,
  "object_id": "5",
  "object_repr": "C",
  "action_flag": 1,
  "change_message": "[{\"added\": {}}]"
 }
},
{
 "model": "admin.logentry",
 "pk": 27,
 "fields": {
  "action_time": "2021-01-07T09:30:45.417Z",
  "user": 1,
  "content_type": 4,
  "object_id": "6",
  "object_repr": "M",
  "action_flag": 1,
  "change_message": "[{\"added\": {}}]"
 }
},
{
 "model": "admin.logentry",
 "pk": 28,
 "fields": {
  "action_time": "2021-01-07T09:30:52.388Z",
  "user": 1,
  "content_type": 14,
  "object_id": "6",
  "object_repr": "M",
  "action_flag": 1,
  "change_message": "[{\"added\": {}}]"
 }
},
{
 "model": "admin.logentry",
 "pk": 29,
 "fields": {
  "action_time": "2021-01-07T09:31:18.158Z",
  "user": 1,
  "content_type": 4,
  "object_id": "7",
  "object_repr": "F",
  "action_flag": 1,
  "change_message": "[{\"added\": {}}]"
 }
},
{
 "model": "admin.logentry",
 "pk": 30,
 "fields": {
  "action_time": "2021-01-07T09:31:28.111Z",
  "user": 1,
  "content_type": 14,
  "object_id": "7",
  "object_repr": "F",
  "action_flag": 1,
  "change_message": "[{\"added\": {}}]"
 }
},
{
 "model": "admin.logentry",
 "pk": 31,
 "fields": {
  "action_time": "2021-01-07T09:31:39.009Z",
  "user": 1,
  "content_type": 14,
  "object_id": "6",
  "object_repr": "M",
  "action_flag": 2,
  "change_message": "[{\"changed\": {\"fields\": [\"sexo\"]}}]"
 }
},
{
 "model": "admin.logentry",
 "pk": 32,
 "fields": {
  "action_time": "2021-01-07T09:31:42.546Z",
  "user": 1,
  "content_type": 14,
  "object_id": "5",
  "object_repr": "C",
  "action_flag": 2,
  "change_message": "[]"
 }
},
{
 "model": "admin.logentry",
 "pk": 33,
 "fields": {
  "action_time": "2021-01-07T09:32:40.094Z",
  "user": 1,
  "content_type": 4,
  "object_id": "8",
  "object_repr": "B",
  "action_flag": 1,
  "change_message": "[{\"added\": {}}]"
 }
},
{
 "model": "admin.logentry",
 "pk": 34,
 "fields": {
  "action_time": "2021-01-07T09:32:59.120Z",
  "user": 1,
  "content_type": 14,
  "object_id": "8",
  "object_repr": "B",
  "action_flag": 1,
  "change_message": "[{\"added\": {}}]"
 }
},
{
 "model": "admin.logentry",
 "pk": 35,
 "fields": {
  "action_time": "2021-01-07T09:34:22.120Z",
  "user": 1,
  "content_type": 4,
  "object_id": "9",
  "object_repr": "D",
  "action_flag": 1,
  "change_message": "[{\"added\": {}}]"
 }
},
{
 "model": "admin.logentry",
 "pk": 36,
 "fields": {
  "action_time": "2021-01-07T09:34:33.755Z",
  "user": 1,
  "content_type": 14,
  "object_id": "9",
  "object_repr": "D",
  "action_flag": 1,
  "change_message": "[{\"added\": {}}]"
 }
},
{
 "model": "admin.logentry",
 "pk": 37,
 "fields": {
  "action_time": "2021-01-07T09:34:57.454Z",
  "user": 1,
  "content_type": 4,
  "object_id": "10",
  "object_repr": "E",
  "action_flag": 1,
  "change_message": "[{\"added\": {}}]"
 }
},
{
 "model": "admin.logentry",
 "pk": 38,
 "fields": {
  "action_time": "2021-01-07T09:35:08.304Z",
  "user": 1,
  "content_type": 14,
  "object_id": "10",
  "object_repr": "E",
  "action_flag": 1,
  "change_message": "[{\"added\": {}}]"
 }
},
{
 "model": "admin.logentry",
 "pk": 39,
 "fields": {
  "action_time": "2021-01-07T09:35:51.628Z",
  "user": 1,
  "content_type": 4,
  "object_id": "11",
  "object_repr": "G",
  "action_flag": 1,
  "change_message": "[{\"added\": {}}]"
 }
},
{
 "model": "admin.logentry",
 "pk": 40,
 "fields": {
  "action_time": "2021-01-07T09:36:00.055Z",
  "user": 1,
  "content_type": 14,
  "object_id": "11",
  "object_repr": "G",
  "action_flag": 1,
  "change_message": "[{\"added\": {}}]"
 }
},
{
 "model": "admin.logentry",
 "pk": 41,
 "fields": {
  "action_time": "2021-01-07T09:36:37.364Z",
  "user": 1,
  "content_type": 4,
  "object_id": "12",
  "object_repr": "H",
  "action_flag": 1,
  "change_message": "[{\"added\": {}}]"
 }
},
{
 "model": "admin.logentry",
 "pk": 42,
 "fields": {
  "action_time": "2021-01-07T09:36:46.786Z",
  "user": 1,
  "content_type": 14,
  "object_id": "12",
  "object_repr": "H",
  "action_flag": 1,
  "change_message": "[{\"added\": {}}]"
 }
},
{
 "model": "admin.logentry",
 "pk": 43,
 "fields": {
  "action_time": "2021-01-07T09:37:19.073Z",
  "user": 1,
  "content_type": 4,
  "object_id": "13",
  "object_repr": "I",
  "action_flag": 1,
  "change_message": "[{\"added\": {}}]"
 }
},
{
 "model": "admin.logentry",
 "pk": 44,
 "fields": {
  "action_time": "2021-01-07T09:37:26.408Z",
  "user": 1,
  "content_type": 14,
  "object_id": "13",
  "object_repr": "I",
  "action_flag": 1,
  "change_message": "[{\"added\": {}}]"
 }
},
{
 "model": "admin.logentry",
 "pk": 45,
 "fields": {
  "action_time": "2021-01-07T09:37:53.513Z",
  "user": 1,
  "content_type": 4,
  "object_id": "14",
  "object_repr": "K",
  "action_flag": 1,
  "change_message": "[{\"added\": {}}]"
 }
},
{
 "model": "admin.logentry",
 "pk": 46,
 "fields": {
  "action_time": "2021-01-07T09:38:04.812Z",
  "user": 1,
  "content_type": 14,
  "object_id": "14",
  "object_repr": "K",
  "action_flag": 1,
  "change_message": "[{\"added\": {}}]"
 }
},
{
 "model": "admin.logentry",
 "pk": 47,
 "fields": {
  "action_time": "2021-01-07T09:38:34.892Z",
  "user": 1,
  "content_type": 4,
  "object_id": "15",
  "object_repr": "L",
  "action_flag": 1,
  "change_message": "[{\"added\": {}}]"
 }
},
{
 "model": "admin.logentry",
 "pk": 48,
 "fields": {
  "action_time": "2021-01-07T09:38:41.629Z",
  "user": 1,
  "content_type": 14,
  "object_id": "15",
  "object_repr": "L",
  "action_flag": 1,
  "change_message": "[{\"added\": {}}]"
 }
},
{
 "model": "admin.logentry",
 "pk": 49,
 "fields": {
  "action_time": "2021-01-07T09:39:18.356Z",
  "user": 1,
  "content_type": 4,
  "object_id": "16",
  "object_repr": "N",
  "action_flag": 1,
  "change_message": "[{\"added\": {}}]"
 }
},
{
 "model": "admin.logentry",
 "pk": 50,
 "fields": {
  "action_time": "2021-01-07T09:39:26.585Z",
  "user": 1,
  "content_type": 14,
  "object_id": "16",
  "object_repr": "N",
  "action_flag": 1,
  "change_message": "[{\"added\": {}}]"
 }
},
{
 "model": "admin.logentry",
 "pk": 51,
 "fields": {
  "action_time": "2021-01-07T09:39:38.915Z",
  "user": 1,
  "content_type": 21,
  "object_id": "10",
  "object_repr": "Delegaci\u00f3n",
  "action_flag": 1,
  "change_message": "[{\"added\": {}}, {\"added\": {\"name\": \"question option\", \"object\": \"\\u00c1lvaro Aguilar Alhama/3 (1)\"}}, {\"added\": {\"name\": \"question option\", \"object\": \"Jos\\u00e9 Manuel Cobo Guerrero/4 (2)\"}}, {\"added\": {\"name\": \"question option\", \"object\": \"Carlos Doblado Herrero/5 (3)\"}}, {\"added\": {\"name\": \"question option\", \"object\": \"Miguel Ponce Melero/6 (4)\"}}, {\"added\": {\"name\": \"question option\", \"object\": \"Francisco Jos\\u00e9 Quintela Vela/7 (5)\"}}, {\"added\": {\"name\": \"question option\", \"object\": \"Blasco Ram\\u00edrez/8 (6)\"}}, {\"added\": {\"name\": \"question option\", \"object\": \"Diana Asencio/9 (7)\"}}, {\"added\": {\"name\": \"question option\", \"object\": \"Elena Morales/10 (8)\"}}, {\"added\": {\"name\": \"question option\", \"object\": \"Guillermina Perez/11 (9)\"}}, {\"added\": {\"name\": \"question option\", \"object\": \"Hilaria Pino/12 (10)\"}}, {\"added\": {\"name\": \"question option\", \"object\": \"Inma Cuesta/13 (11)\"}}, {\"added\": {\"name\": \"question option\", \"object\": \"Kevina Pedrosa/14 (12)\"}}, {\"added\": {\"name\": \"question option\", \"object\": \"Lelo Moe Sinlack/15 (13)\"}}, {\"added\": {\"name\": \"question option\", \"object\": \"Nuria Garc\\u00eda/16 (14)\"}}]"
 }
},
{
 "model": "admin.logentry",
 "pk": 52,
 "fields": {
  "action_time": "2021-01-07T09:39:59.188Z",
  "user": 1,
  "content_type": 17,
  "object_id": "2",
  "object_repr": "Census object (2)",
  "action_flag": 1,
  "change_message": "[{\"added\": {}}]"
 }
},
{
 "model": "admin.logentry",
 "pk": 53,
 "fields": {
  "action_time": "2021-01-07T09:40:27.872Z",
  "user": 1,
  "content_type": 17,
  "object_id": "2",
  "object_repr": "Census object (2)",
  "action_flag": 2,
  "change_message": "[{\"changed\": {\"fields\": [\"voting_id\"]}}]"
 }
},
{
 "model": "admin.logentry",
 "pk": 54,
 "fields": {
  "action_time": "2021-01-07T09:41:27.496Z",
  "user": 1,
  "content_type": 23,
  "object_id": "4",
  "object_repr": "Esta es la primaria",
  "action_flag": 1,
  "change_message": "[{\"added\": {}}]"
 }
},
{
 "model": "admin.logentry",
 "pk": 55,
 "fields": {
  "action_time": "2021-01-07T09:42:15.298Z",
  "user": 1,
  "content_type": 23,
  "object_id": "5",
  "object_repr": "Esta es la general",
  "action_flag": 1,
  "change_message": "[{\"added\": {}}]"
 }
},
{
 "model": "admin.logentry",
 "pk": 56,
 "fields": {
  "action_time": "2021-01-07T09:42:37.818Z",
  "user": 1,
  "content_type": 17,
  "object_id": "3",
  "object_repr": "Census object (3)",
  "action_flag": 1,
  "change_message": "[{\"added\": {}}]"
 }
},
{
 "model": "admin.logentry",
 "pk": 57,
 "fields": {
  "action_time": "2021-01-07T18:36:43.791Z",
  "user": 1,
  "content_type": 14,
  "object_id": "1",
  "object_repr": "alvaro8",
  "action_flag": 2,
  "change_message": "[{\"changed\": {\"fields\": [\"sexo\", \"titulo\", \"curso\"]}}]"
 }
},
{
 "model": "admin.logentry",
 "pk": 58,
 "fields": {
  "action_time": "2021-01-07T18:36:48.928Z",
  "user": 1,
  "content_type": 14,
  "object_id": "2",
  "object_repr": "alvaro",
  "action_flag": 2,
  "change_message": "[{\"changed\": {\"fields\": [\"sexo\", \"titulo\", \"curso\"]}}]"
 }
},
{
 "model": "admin.logentry",
 "pk": 59,
 "fields": {
  "action_time": "2021-01-07T19:14:54.299Z",
  "user": 1,
  "content_type": 19,
  "object_id": "4",
  "object_repr": "5: 1",
  "action_flag": 3,
  "change_message": ""
 }
},
{
 "model": "admin.logentry",
 "pk": 60,
 "fields": {
  "action_time": "2021-01-07T19:14:54.314Z",
  "user": 1,
  "content_type": 19,
  "object_id": "3",
  "object_repr": "4: 1",
  "action_flag": 3,
  "change_message": ""
 }
},
{
 "model": "admin.logentry",
 "pk": 61,
 "fields": {
  "action_time": "2021-01-07T19:14:54.326Z",
  "user": 1,
  "content_type": 19,
  "object_id": "2",
  "object_repr": "2: 1",
  "action_flag": 3,
  "change_message": ""
 }
}
]
